{
    "0": {
        "condition": "feature_200 <= 1.0539628863334656",
        "yes": 1,
        "no": 28,
        "missing": 1
    },
    "1": {
        "condition": "feature_132 <= 0.24100326001644135",
        "yes": 2,
        "no": 13,
        "missing": 2
    },
    "2": {
        "condition": "feature_173 <= 0.06570137664675713",
        "yes": 3,
        "no": 6,
        "missing": 3
    },
    "3": {
        "condition": "feature_63 <= 0.35268691182136536",
        "yes": 4,
        "no": 5,
        "missing": 4
    },
    "4": {
        "value": [
            [
                0.0,
                20.0
            ]
        ]
    },
    "5": {
        "value": [
            [
                1.0,
                0.0
            ]
        ]
    },
    "6": {
        "condition": "feature_142 <= 0.30092936754226685",
        "yes": 7,
        "no": 10,
        "missing": 7
    },
    "7": {
        "condition": "feature_11 <= 0.36575748026371",
        "yes": 8,
        "no": 9,
        "missing": 8
    },
    "8": {
        "value": [
            [
                14.0,
                24.0
            ]
        ]
    },
    "9": {
        "value": [
            [
                14.0,
                0.0
            ]
        ]
    },
    "10": {
        "condition": "feature_55 <= 0.47307975590229034",
        "yes": 11,
        "no": 12,
        "missing": 11
    },
    "11": {
        "value": [
            [
                521.0,
                8.0
            ]
        ]
    },
    "12": {
        "value": [
            [
                0.0,
                4.0
            ]
        ]
    },
    "13": {
        "condition": "feature_218 <= 0.9033520221710205",
        "yes": 14,
        "no": 21,
        "missing": 14
    },
    "14": {
        "condition": "feature_144 <= 0.06289583817124367",
        "yes": 15,
        "no": 18,
        "missing": 15
    },
    "15": {
        "condition": "feature_237 <= 1.5618878602981567",
        "yes": 16,
        "no": 17,
        "missing": 16
    },
    "16": {
        "value": [
            [
                91.0,
                0.0
            ]
        ]
    },
    "17": {
        "value": [
            [
                0.0,
                1.0
            ]
        ]
    },
    "18": {
        "condition": "feature_124 <= 0.07645098492503166",
        "yes": 19,
        "no": 20,
        "missing": 19
    },
    "19": {
        "value": [
            [
                32.0,
                2.0
            ]
        ]
    },
    "20": {
        "value": [
            [
                139.0,
                6090.0
            ]
        ]
    },
    "21": {
        "condition": "feature_163 <= 0.5640498101711273",
        "yes": 22,
        "no": 25,
        "missing": 22
    },
    "22": {
        "condition": "feature_71 <= 0.07298300787806511",
        "yes": 23,
        "no": 24,
        "missing": 23
    },
    "23": {
        "value": [
            [
                5.0,
                1.0
            ]
        ]
    },
    "24": {
        "value": [
            [
                0.0,
                36.0
            ]
        ]
    },
    "25": {
        "condition": "feature_89 <= 0.5648863613605499",
        "yes": 26,
        "no": 27,
        "missing": 26
    },
    "26": {
        "value": [
            [
                315.0,
                27.0
            ]
        ]
    },
    "27": {
        "value": [
            [
                0.0,
                13.0
            ]
        ]
    },
    "28": {
        "condition": "feature_92 <= 0.08411744236946106",
        "yes": 29,
        "no": 40,
        "missing": 29
    },
    "29": {
        "condition": "feature_245 <= 0.010068317875266075",
        "yes": 30,
        "no": 33,
        "missing": 30
    },
    "30": {
        "condition": "feature_83 <= 0.5577782690525055",
        "yes": 31,
        "no": 32,
        "missing": 31
    },
    "31": {
        "value": [
            [
                25.0,
                0.0
            ]
        ]
    },
    "32": {
        "value": [
            [
                0.0,
                21.0
            ]
        ]
    },
    "33": {
        "condition": "feature_177 <= 0.07940036803483963",
        "yes": 34,
        "no": 37,
        "missing": 34
    },
    "34": {
        "condition": "feature_20 <= 1.3344892859458923",
        "yes": 35,
        "no": 36,
        "missing": 35
    },
    "35": {
        "value": [
            [
                0.0,
                11.0
            ]
        ]
    },
    "36": {
        "value": [
            [
                19.0,
                0.0
            ]
        ]
    },
    "37": {
        "condition": "feature_233 <= 0.04781709611415863",
        "yes": 38,
        "no": 39,
        "missing": 38
    },
    "38": {
        "value": [
            [
                0.0,
                3.0
            ]
        ]
    },
    "39": {
        "value": [
            [
                1331.0,
                4.0
            ]
        ]
    },
    "40": {
        "condition": "feature_200 <= 1.3148616552352905",
        "yes": 41,
        "no": 48,
        "missing": 41
    },
    "41": {
        "condition": "feature_251 <= 0.0536926444619894",
        "yes": 42,
        "no": 45,
        "missing": 42
    },
    "42": {
        "condition": "feature_173 <= 0.3690846860408783",
        "yes": 43,
        "no": 44,
        "missing": 43
    },
    "43": {
        "value": [
            [
                2.0,
                0.0
            ]
        ]
    },
    "44": {
        "value": [
            [
                0.0,
                1.0
            ]
        ]
    },
    "45": {
        "condition": "feature_10 <= 0.8341869413852692",
        "yes": 46,
        "no": 47,
        "missing": 46
    },
    "46": {
        "value": [
            [
                0.0,
                107.0
            ]
        ]
    },
    "47": {
        "value": [
            [
                1.0,
                1.0
            ]
        ]
    },
    "48": {
        "condition": "feature_228 <= 0.3196166157722473",
        "yes": 49,
        "no": 52,
        "missing": 49
    },
    "49": {
        "condition": "feature_243 <= 1.5023014545440674",
        "yes": 50,
        "no": 51,
        "missing": 50
    },
    "50": {
        "value": [
            [
                5.0,
                1.0
            ]
        ]
    },
    "51": {
        "value": [
            [
                102.0,
                0.0
            ]
        ]
    },
    "52": {
        "condition": "feature_150 <= 0.6349478662014008",
        "yes": 53,
        "no": 54,
        "missing": 53
    },
    "53": {
        "value": [
            [
                0.0,
                6.0
            ]
        ]
    },
    "54": {
        "value": [
            [
                2.0,
                0.0
            ]
        ]
    }
}