{
    "id": 0,
    "condition": "feature_318 <= 1.0069249868392944",
    "yes": {
        "id": 1,
        "condition": "feature_645 <= 331.7935333251953",
        "yes": {
            "id": 3,
            "condition": "feature_1434 <= 0.8589349985122681",
            "yes": {
                "id": 7,
                "value": [
                    [
                        0.0,
                        13.0
                    ]
                ]
            },
            "no": {
                "id": 8,
                "value": [
                    [
                        4.0,
                        0.0
                    ]
                ]
            },
            "missing": {
                "id": 7,
                "value": [
                    [
                        0.0,
                        13.0
                    ]
                ]
            }
        },
        "no": {
            "id": 4,
            "condition": "feature_326 <= 0.9955500066280365",
            "yes": {
                "id": 9,
                "condition": "feature_2189 <= 307.3982696533203",
                "yes": {
                    "id": 19,
                    "value": [
                        [
                            10.0,
                            5.0
                        ]
                    ]
                },
                "no": {
                    "id": 20,
                    "value": [
                        [
                            1018.0,
                            0.0
                        ]
                    ]
                },
                "missing": {
                    "id": 19,
                    "value": [
                        [
                            10.0,
                            5.0
                        ]
                    ]
                }
            },
            "no": {
                "id": 10,
                "condition": "feature_1013 <= 359.01783752441406",
                "yes": {
                    "id": 21,
                    "value": [
                        [
                            25.0,
                            4.0
                        ]
                    ]
                },
                "no": {
                    "id": 22,
                    "value": [
                        [
                            0.0,
                            5.0
                        ]
                    ]
                },
                "missing": {
                    "id": 21,
                    "value": [
                        [
                            25.0,
                            4.0
                        ]
                    ]
                }
            },
            "missing": {
                "id": 9,
                "condition": "feature_2189 <= 307.3982696533203",
                "yes": {
                    "id": 19,
                    "value": [
                        [
                            10.0,
                            5.0
                        ]
                    ]
                },
                "no": {
                    "id": 20,
                    "value": [
                        [
                            1018.0,
                            0.0
                        ]
                    ]
                },
                "missing": {
                    "id": 19,
                    "value": [
                        [
                            10.0,
                            5.0
                        ]
                    ]
                }
            }
        },
        "missing": {
            "id": 3,
            "condition": "feature_1434 <= 0.8589349985122681",
            "yes": {
                "id": 7,
                "value": [
                    [
                        0.0,
                        13.0
                    ]
                ]
            },
            "no": {
                "id": 8,
                "value": [
                    [
                        4.0,
                        0.0
                    ]
                ]
            },
            "missing": {
                "id": 7,
                "value": [
                    [
                        0.0,
                        13.0
                    ]
                ]
            }
        }
    },
    "no": {
        "id": 2,
        "condition": "feature_1134 <= 1.0010899901390076",
        "yes": {
            "id": 5,
            "condition": "feature_78 <= 1.002340018749237",
            "yes": {
                "id": 11,
                "condition": "feature_958 <= 0.9451299905776978",
                "yes": {
                    "id": 23,
                    "value": [
                        [
                            1.0,
                            0.0
                        ]
                    ]
                },
                "no": {
                    "id": 24,
                    "value": [
                        [
                            0.0,
                            3281.0
                        ]
                    ]
                },
                "missing": {
                    "id": 23,
                    "value": [
                        [
                            1.0,
                            0.0
                        ]
                    ]
                }
            },
            "no": {
                "id": 12,
                "condition": "feature_1317 <= 217.00411224365234",
                "yes": {
                    "id": 25,
                    "value": [
                        [
                            11.0,
                            6.0
                        ]
                    ]
                },
                "no": {
                    "id": 26,
                    "value": [
                        [
                            0.0,
                            27.0
                        ]
                    ]
                },
                "missing": {
                    "id": 25,
                    "value": [
                        [
                            11.0,
                            6.0
                        ]
                    ]
                }
            },
            "missing": {
                "id": 11,
                "condition": "feature_958 <= 0.9451299905776978",
                "yes": {
                    "id": 23,
                    "value": [
                        [
                            1.0,
                            0.0
                        ]
                    ]
                },
                "no": {
                    "id": 24,
                    "value": [
                        [
                            0.0,
                            3281.0
                        ]
                    ]
                },
                "missing": {
                    "id": 23,
                    "value": [
                        [
                            1.0,
                            0.0
                        ]
                    ]
                }
            }
        },
        "no": {
            "id": 6,
            "condition": "feature_325 <= 222.66832733154297",
            "yes": {
                "id": 13,
                "condition": "feature_556 <= 0.9326950013637543",
                "yes": {
                    "id": 27,
                    "value": [
                        [
                            0.0,
                            5.0
                        ]
                    ]
                },
                "no": {
                    "id": 28,
                    "value": [
                        [
                            63.0,
                            1.0
                        ]
                    ]
                },
                "missing": {
                    "id": 27,