{
    "0": {
        "condition": "feature_318 <= 1.0069249868392944",
        "yes": 1,
        "no": 12,
        "missing": 1
    },
    "1": {
        "condition": "feature_645 <= 331.7935333251953",
        "yes": 2,
        "no": 5,
        "missing": 2
    },
    "2": {
        "condition": "feature_1434 <= 0.8589349985122681",
        "yes": 3,
        "no": 4,
        "missing": 3
    },
    "3": {
        "value": [
            [
                0.0,
                13.0
            ]
        ]
    },
    "4": {
        "value": [
            [
                4.0,
                0.0
            ]
        ]
    },
    "5": {
        "condition": "feature_326 <= 0.9955500066280365",
        "yes": 6,
        "no": 9,
        "missing": 6
    },
    "6": {
        "condition": "feature_2189 <= 307.3982696533203",
        "yes": 7,
        "no": 8,
        "missing": 7
    },
    "7": {
        "value": [
            [
                10.0,
                5.0
            ]
        ]
    },
    "8": {
        "value": [
            [
                1018.0,
                0.0
            ]
        ]
    },
    "9": {
        "condition": "feature_1013 <= 359.01783752441406",
        "yes": 10,
        "no": 11,
        "missing": 10
    },
    "10": {
        "value": [
            [
                25.0,
                4.0
            ]
        ]
    },
    "11": {
        "value": [
            [
                0.0,
                5.0
            ]
        ]
    },
    "12": {
        "condition": "feature_1134 <= 1.0010899901390076",
        "yes": 13,
        "no": 20,
        "missing": 13
    },
    "13": {
        "condition": "feature_78 <= 1.002340018749237",
        "yes": 14,
        "no": 17,
        "missing": 14
    },
    "14": {
        "condition": "feature_958 <= 0.9451299905776978",
        "yes": 15,
        "no": 16,
        "missing": 15
    },
    "15": {
        "value": [
            [
                1.0,
                0.0
            ]
        ]
    },
    "16": {
        "value": [
            [
                0.0,
                3281.0
            ]
        ]
    },
    "17": {
        "condition": "feature_1317 <= 217.00411224365234",
        "yes": 18,
        "no": 19,
        "missing": 18
    },
    "18": {
        "value": [
            [
                11.0,
                6.0
            ]
        ]
    },
    "19": {
        "value": [
            [
                0.0,
                27.0
            ]
        ]
    },
    "20": {
        "condition": "feature_325 <= 222.66832733154297",
        "yes": 21,
        "no": 24,
        "missing": 21
    },
    "21": {
        "condition": "feature_556 <= 0.9326950013637543",
        "yes": 22,
        "no": 23,
        "missing": 22
    },
    "22": {
        "value": [
            [
                0.0,
                5.0
            ]
        ]
    },
    "23": {
        "value": [
            [
                63.0,
                1.0
            ]
        ]
    },
    "24": {
        "condition": "feature_1319 <= 266.4802703857422",
        "yes": 25,
        "no": 26,
        "missing": 25
    },
    "25": {
        "value": [
            [
                0.0,
                20.0
            ]
        ]
    },
    "26": {
        "value": [
            [
                1.0,
                0.0
            ]
        ]
    }
}